Player,2023-24,Pos,Age,G,GS,MP,FG,FGA,FG%,3P,3PA,3P%,2P,2PA,2P%,eFG%,FT,FTA,FT%,ORB,DRB,TRB,AST,STL,BLK,TOV,PF,PTS
Aaron Holiday,2019706,PG,26,63,6,13.4,1.5,3.5,0.418,0.6,1.4,0.409,0.9,2.1,0.424,0.5,0.4,0.5,0.844,0.4,0.8,1.2,1.4,0.6,0.2,0.6,1.3,3.9
Killian Hayes,7413955,PG,21,76,56,28.3,4.0,10.7,0.377,1.1,3.8,0.28,3.0,7.0,0.429,0.426,1.2,1.5,0.821,0.4,2.5,2.9,6.2,1.4,0.4,2.3,2.9,10.3
Kevin Porter Jr.,15860000,PG,22,59,59,34.3,6.6,15.0,0.442,2.4,6.5,0.366,4.2,8.5,0.501,0.522,3.5,4.5,0.784,1.3,4.0,5.3,5.7,1.4,0.3,3.2,2.6,19.2
Deandre Ayton,32459438,C,24,67,67,30.4,7.8,13.2,0.589,0.1,0.4,0.292,7.7,12.9,0.597,0.592,2.3,3.0,0.76,2.6,7.4,10.0,1.7,0.6,0.8,1.8,2.8,18.0
Blake Wesley,2504640,SG,19,37,1,18.1,1.9,5.8,0.321,0.5,1.4,0.385,1.3,4.4,0.301,0.367,0.7,1.2,0.591,0.3,1.9,2.2,2.7,0.7,0.1,1.8,1.8,5.0
Harrison Barnes,17000000,PF,30,82,82,32.5,4.6,9.6,0.473,1.6,4.3,0.374,3.0,5.3,0.553,0.556,4.3,5.0,0.847,1.1,3.4,4.5,1.6,0.7,0.1,1.0,1.3,15.0
Desmond Bane,3845083,SG,24,58,58,31.7,7.8,16.2,0.479,2.9,7.0,0.408,4.9,9.2,0.534,0.568,3.1,3.5,0.883,0.7,4.3,5.0,4.4,1.0,0.4,2.2,2.6,21.5
Jaren Jackson Jr.,27102202,C,23,63,63,28.4,6.6,13.0,0.506,1.6,4.5,0.355,5.0,8.6,0.585,0.567,3.8,4.9,0.788,1.7,5.0,6.8,1.0,1.0,3.0,1.7,3.6,18.6
Giannis Antetokounmpo,45640084,PF,28,63,63,32.1,11.2,20.3,0.553,0.7,2.7,0.275,10.5,17.6,0.596,0.572,7.9,12.3,0.645,2.2,9.6,11.8,5.7,0.8,0.8,3.9,3.1,31.1
Kris Dunn,2586665,PG,28,22,3,25.8,5.3,9.8,0.537,0.8,1.6,0.472,4.5,8.2,0.55,0.576,1.9,2.4,0.774,0.4,4.1,4.5,5.6,1.1,0.5,1.6,2.6,13.2
Jack White,1801769,SF,25,17,0,3.9,0.5,1.1,0.421,0.2,0.5,0.333,0.3,0.6,0.5,0.5,0.1,0.2,0.667,0.4,0.6,1.0,0.2,0.2,0.1,0.1,0.5,1.2
Robert Covington,11692308,PF,32,48,0,16.2,2.1,4.8,0.445,1.1,2.8,0.397,1.0,1.9,0.516,0.563,0.6,0.8,0.75,0.6,2.8,3.5,1.2,0.8,0.7,0.7,1.8,6.0
Ish Wainright,1927896,SF,28,60,2,15.3,1.4,3.8,0.37,1.0,2.9,0.329,0.5,0.9,0.5,0.496,0.4,0.5,0.839,0.8,1.6,2.3,0.9,0.6,0.4,0.4,2.0,4.2
Aleksej Pokusevski,5009633,PF,21,34,25,20.6,3.2,7.3,0.434,1.1,3.1,0.365,2.1,4.3,0.483,0.51,0.6,1.0,0.629,1.3,3.4,4.7,1.9,0.6,1.3,1.3,1.7,8.1
Reggie Bullock,11014080,SF,31,78,55,30.3,2.5,6.0,0.409,1.9,5.1,0.38,0.5,0.9,0.562,0.569,0.3,0.5,0.703,0.4,3.2,3.6,1.4,0.7,0.2,0.5,2.1,7.2
Jalen Brunson,26346666,PG,26,68,68,35.0,8.6,17.6,0.491,2.0,4.7,0.416,6.7,12.8,0.519,0.547,4.8,5.8,0.829,0.6,3.0,3.5,6.2,0.9,0.2,2.1,2.2,24.0
Joe Harris,19928571,SF,31,74,33,20.6,2.7,5.9,0.457,1.9,4.5,0.426,0.8,1.4,0.551,0.618,0.2,0.4,0.643,0.3,1.9,2.2,1.4,0.5,0.2,0.6,1.9,7.6
Darius Bazley,2019706,C,22,43,1,14.3,1.9,4.3,0.454,0.5,1.2,0.377,1.5,3.0,0.485,0.508,0.9,1.6,0.543,0.8,2.4,3.2,0.9,0.5,0.8,0.6,1.0,5.2
DeMar DeRozan,28600000,SF,33,74,74,36.2,8.9,17.6,0.504,0.6,1.9,0.324,8.3,15.7,0.526,0.522,6.2,7.1,0.872,0.5,4.2,4.6,5.1,1.1,0.5,2.1,2.5,24.5
Malcolm Brogdon,22500000,PG,30,67,0,26.0,5.3,10.9,0.484,2.0,4.4,0.444,3.3,6.5,0.51,0.574,2.4,2.7,0.87,0.6,3.6,4.2,3.7,0.7,0.3,1.5,1.6,14.9
Jonathan Isaac,17400000,PF,25,11,0,11.3,2.0,4.8,0.415,0.5,1.4,0.4,1.5,3.5,0.421,0.472,0.5,0.8,0.556,1.4,2.6,4.0,0.5,1.3,0.4,0.4,0.5,5.0
Dāvis Bertāns,17000000,PF,30,45,1,10.9,1.5,3.6,0.431,1.2,3.1,0.39,0.3,0.4,0.737,0.603,0.3,0.3,0.867,0.2,1.0,1.2,0.5,0.2,0.2,0.2,1.2,4.6
John Collins,25340000,PF,25,71,71,30.0,5.1,10.0,0.508,1.0,3.4,0.292,4.1,6.6,0.619,0.557,2.0,2.5,0.803,1.1,5.4,6.5,1.2,0.6,1.0,1.1,3.1,13.1
LeBron James,47607350,PF,38,55,54,35.5,11.1,22.2,0.5,2.2,6.9,0.321,8.9,15.3,0.58,0.549,4.6,5.9,0.768,1.2,7.1,8.3,6.8,0.9,0.6,3.2,1.6,28.9
Jamal Murray,33833400,PG,25,65,65,32.8,7.3,16.0,0.454,2.6,6.6,0.398,4.6,9.4,0.494,0.537,2.8,3.3,0.833,0.7,3.2,4.0,6.2,1.0,0.2,2.2,1.6,20.0
Patrick Williams,9835881,PF,21,82,65,28.3,3.8,8.3,0.464,1.4,3.4,0.415,2.4,4.9,0.498,0.549,1.1,1.3,0.857,1.0,3.0,4.0,1.2,0.9,0.9,1.2,1.8,10.2
Brook Lopez,25000000,C,34,78,78,30.4,6.1,11.5,0.531,1.7,4.7,0.374,4.4,6.9,0.637,0.606,1.9,2.4,0.784,2.0,4.7,6.7,1.3,0.5,2.5,1.4,2.6,15.9
James Harden,35640000,PG,33,58,58,36.8,6.4,14.5,0.441,2.8,7.2,0.385,3.6,7.3,0.495,0.536,5.4,6.2,0.867,0.7,5.4,6.1,10.7,1.2,0.5,3.4,1.9,21.0
Ricky Rubio,6146342,PG,32,33,2,17.2,1.8,5.4,0.343,0.6,2.5,0.256,1.2,2.9,0.417,0.402,0.8,1.1,0.8,0.3,1.8,2.1,3.5,0.8,0.2,0.9,1.5,5.2
Anthony Gill,1997238,PF,30,59,8,10.6,1.2,2.2,0.538,0.1,0.5,0.138,1.1,1.7,0.65,0.553,0.8,1.1,0.731,0.6,1.1,1.7,0.6,0.1,0.2,0.3,1.2,3.3
Josh Giddey,6587040,PF,20,76,76,31.1,7.1,14.7,0.482,1.0,3.1,0.325,6.1,11.6,0.524,0.516,1.4,1.9,0.731,1.9,5.9,7.9,6.2,0.8,0.4,2.8,1.9,16.6
Bennedict Mathurin,6916080,SG,20,78,17,28.5,5.3,12.2,0.434,1.3,4.0,0.323,4.0,8.2,0.488,0.487,4.8,5.8,0.828,1.1,3.0,4.1,1.5,0.6,0.2,1.9,2.1,16.7
Patrick Beverley,2019706,SG-PG,34,67,67,27.1,2.1,5.4,0.4,1.2,3.6,0.335,1.0,1.8,0.529,0.511,0.7,1.0,0.723,0.7,3.0,3.7,2.9,0.9,0.6,0.9,2.8,6.2
Jaden McDaniels,3901399,SF,22,79,79,30.6,4.7,9.1,0.517,1.4,3.4,0.398,3.3,5.7,0.588,0.591,1.3,1.8,0.736,1.2,2.7,3.9,1.9,0.9,1.0,1.4,3.4,12.1
Jarrett Allen,20000000,C,24,68,68,32.6,5.9,9.2,0.644,0.0,0.1,0.1,5.9,9.1,0.653,0.645,2.4,3.3,0.733,3.3,6.5,9.8,1.7,0.8,1.2,1.4,2.3,14.3
Dean Wade,5709877,PF,26,44,13,20.3,1.7,4.0,0.412,1.0,2.9,0.354,0.6,1.1,0.56,0.54,0.3,0.5,0.652,0.5,3.0,3.4,0.8,0.6,0.5,0.4,2.0,4.7
Anfernee Simons,24107143,SG,23,62,62,35.0,7.5,16.9,0.447,3.4,9.1,0.377,4.1,7.8,0.528,0.548,2.6,2.9,0.894,0.3,2.3,2.6,4.1,0.7,0.2,2.1,2.3,21.1
Chris Duarte,4124400,SF,25,46,12,19.5,2.7,7.2,0.369,1.2,3.8,0.316,1.5,3.5,0.428,0.452,1.3,1.6,0.847,0.4,2.1,2.5,1.4,0.5,0.2,0.9,1.4,7.9
Bruce Brown,22000000,SF,26,80,31,28.5,4.5,9.3,0.483,1.1,3.2,0.358,3.3,6.1,0.548,0.545,1.5,1.9,0.758,0.8,3.3,4.1,3.4,1.1,0.6,1.5,2.4,11.5
Joshua Primo,4341600,SG,20,4,0,23.3,2.3,6.5,0.346,0.8,3.0,0.25,1.5,3.5,0.429,0.404,1.8,2.3,0.778,0.5,2.8,3.3,4.5,0.3,0.5,2.8,2.0,7.0
Jalen McDaniels,4516000,SF,25,80,24,23.9,3.5,7.7,0.455,1.0,2.9,0.332,2.6,4.8,0.53,0.518,1.5,1.7,0.841,0.8,3.5,4.3,1.6,1.0,0.4,1.2,2.6,9.4
Willy Hernangómez,2559942,C,28,38,2,12.1,2.3,4.4,0.527,0.1,0.3,0.273,2.3,4.2,0.544,0.536,2.1,2.7,0.779,1.5,3.2,4.7,0.9,0.4,0.3,1.0,1.7,6.9
Nic Claxton,9625000,C,23,76,76,29.9,5.4,7.7,0.705,0.0,0.0,0.0,5.4,7.7,0.708,0.705,1.8,3.2,0.541,2.4,6.8,9.2,1.9,0.9,2.5,1.3,2.8,12.6
Maxi Kleber,11000000,PF,31,37,5,25.1,2.1,4.6,0.456,1.1,3.0,0.348,1.0,1.5,0.667,0.571,0.7,1.0,0.711,0.8,2.8,3.6,1.4,0.3,0.8,0.7,2.3,5.9
Kevin Love,3835738,PF,34,62,20,20.0,2.7,6.8,0.389,1.6,4.8,0.334,1.1,2.1,0.516,0.506,1.3,1.5,0.879,1.0,5.5,6.4,1.9,0.3,0.2,1.1,1.6,8.2
Ziaire Williams,4810200,SF,21,37,4,15.2,2.3,5.3,0.429,0.7,2.6,0.258,1.6,2.7,0.596,0.492,0.5,0.6,0.773,0.4,1.7,2.1,0.9,0.4,0.2,1.0,1.6,5.7
Jaylin Williams,2000000,C,20,49,36,18.7,2.1,4.8,0.436,0.9,2.3,0.407,1.1,2.5,0.463,0.534,0.8,1.1,0.704,0.9,4.0,4.9,1.6,0.6,0.2,0.8,2.3,5.9
Brandon Clarke,12500000,PF,26,56,8,19.5,4.1,6.2,0.656,0.0,0.1,0.167,4.1,6.1,0.665,0.658,1.8,2.4,0.723,1.6,3.9,5.5,1.3,0.6,0.7,1.0,2.3,10.0
Luke Kornet,2413304,C,27,69,0,11.7,1.6,2.5,0.665,0.0,0.2,0.231,1.6,2.3,0.701,0.674,0.5,0.6,0.821,1.2,1.6,2.9,0.8,0.2,0.7,0.4,1.2,3.8
Zeke Nnaji,4306281,PF,22,53,5,13.7,2.1,3.7,0.561,0.3,1.2,0.262,1.8,2.5,0.71,0.605,0.8,1.2,0.645,1.2,1.4,2.6,0.3,0.3,0.4,0.6,2.0,5.2
Jabari Smith Jr.,9326520,PF,19,79,79,31.0,4.6,11.3,0.408,1.5,4.9,0.307,3.1,6.3,0.487,0.475,2.1,2.6,0.786,1.5,5.7,7.2,1.3,0.5,0.9,1.3,2.9,12.8
Jusuf Nurkić,16875000,C,28,52,52,26.8,5.0,9.7,0.519,0.8,2.3,0.361,4.2,7.4,0.567,0.561,2.4,3.7,0.661,2.2,6.9,9.1,2.9,0.8,0.8,2.3,3.6,13.3
Thomas Bryant,2528233,C,25,59,26,18.3,3.9,6.3,0.623,0.4,1.0,0.441,3.5,5.3,0.658,0.659,1.6,2.1,0.738,1.5,4.3,5.7,0.5,0.3,0.5,0.6,1.7,9.8
JaVale McGee,5734280,C,35,42,7,8.5,1.9,3.0,0.64,0.0,0.1,0.4,1.9,2.9,0.65,0.648,0.6,1.0,0.585,0.7,1.8,2.5,0.3,0.1,0.6,0.9,1.3,4.4
Tre Jones,9895833,PG,23,68,65,29.2,5.0,10.9,0.459,0.7,2.3,0.285,4.4,8.6,0.506,0.489,2.2,2.5,0.86,0.8,2.8,3.6,6.6,1.3,0.1,1.6,1.4,12.9
Quentin Grimes,2385720,SG,22,71,66,29.9,4.0,8.5,0.468,2.2,5.7,0.386,1.8,2.7,0.641,0.599,1.1,1.4,0.796,0.7,2.5,3.2,2.1,0.7,0.4,1.0,2.5,11.3
Andrew Nembhard,2131905,SG,23,75,63,27.6,3.8,8.6,0.441,1.2,3.5,0.35,2.6,5.1,0.504,0.512,0.7,0.8,0.79,0.5,2.2,2.7,4.5,0.9,0.2,1.7,2.4,9.5
Kyle Lowry,29682540,PG,36,55,44,31.2,3.6,8.8,0.404,1.9,5.6,0.345,1.6,3.2,0.509,0.514,2.1,2.5,0.859,0.8,3.3,4.1,5.1,1.0,0.4,1.9,2.6,11.2
Gary Payton II,8715000,SG,30,22,1,16.7,1.9,3.1,0.594,0.6,1.2,0.5,1.3,2.0,0.651,0.688,0.3,0.3,0.857,1.1,2.0,3.1,1.4,1.0,0.2,0.7,2.0,4.6
Haywood Highsmith,1902137,PF,26,54,11,17.9,1.7,4.0,0.431,0.7,2.0,0.339,1.0,2.0,0.523,0.516,0.2,0.5,0.464,1.1,2.4,3.5,0.8,0.7,0.3,0.8,1.5,4.4
Damion Lee,2528233,SG,30,74,5,20.4,2.7,6.1,0.442,1.5,3.3,0.445,1.2,2.8,0.439,0.564,1.3,1.4,0.904,0.5,2.5,3.0,1.3,0.4,0.1,1.1,1.6,8.2
Isaiah Stewart,5266713,C,21,50,47,28.3,3.9,8.8,0.442,1.3,4.1,0.327,2.6,4.7,0.542,0.518,2.2,3.0,0.738,2.3,5.8,8.1,1.4,0.4,0.7,1.4,2.7,11.3
Jonathan Kuminga,6012840,PF,20,67,16,20.8,3.9,7.4,0.525,0.8,2.2,0.37,3.1,5.2,0.59,0.579,1.3,2.1,0.652,1.0,2.4,3.4,1.9,0.6,0.5,1.4,2.3,9.9
John Konchar,2400000,SF,26,72,23,20.8,1.9,4.4,0.431,0.8,2.5,0.339,1.1,2.0,0.545,0.525,0.4,0.5,0.778,0.9,3.4,4.3,1.4,1.1,0.3,0.5,1.6,5.1
Shaedon Sharpe,6313800,SG,19,80,15,22.2,3.8,8.1,0.472,1.3,3.5,0.36,2.6,4.6,0.559,0.551,0.9,1.3,0.714,0.8,2.2,3.0,1.2,0.5,0.3,1.0,1.7,9.9
Dalen Terry,3350760,SG,20,38,0,5.6,0.8,1.9,0.444,0.2,0.7,0.259,0.7,1.2,0.556,0.493,0.4,0.6,0.667,0.3,0.7,1.0,0.6,0.3,0.1,0.2,0.6,2.2
Marcus Smart,18833713,PG,28,61,61,32.1,4.1,9.9,0.415,1.9,5.6,0.336,2.2,4.3,0.519,0.511,1.4,1.9,0.746,0.8,2.4,3.1,6.3,1.5,0.4,2.3,2.8,11.5
Jordan Nwora,3000000,SF,24,62,14,19.2,3.1,7.2,0.436,1.4,3.4,0.408,1.7,3.8,0.462,0.533,1.1,1.4,0.791,0.8,2.9,3.7,1.4,0.4,0.2,1.1,1.2,8.7
A.J. Green,1901769,SG,23,35,1,9.9,1.5,3.6,0.424,1.3,3.0,0.419,0.3,0.6,0.45,0.6,0.1,0.1,1000.0,0.2,1.1,1.3,0.6,0.2,0.0,0.3,0.9,4.4
Simone Fontecchio,3044872,SF,27,52,6,14.7,2.2,6.0,0.369,1.2,3.7,0.33,1.0,2.3,0.43,0.47,0.7,0.8,0.795,0.6,1.1,1.7,0.8,0.3,0.2,0.8,1.2,6.3
D'Angelo Russell,17307693,PG,26,71,71,32.5,6.3,13.4,0.469,2.7,6.9,0.396,3.5,6.5,0.548,0.572,2.5,3.0,0.829,0.5,2.5,3.0,6.2,1.0,0.4,2.6,2.0,17.8
Jeff Dowtin,2019706,PG,25,25,0,10.4,1.0,2.3,0.439,0.2,0.6,0.313,0.8,1.6,0.488,0.482,0.2,0.4,0.667,0.2,0.7,0.9,1.2,0.4,0.1,0.2,0.5,2.4
Josh Green,4765339,SG,22,60,21,25.7,3.4,6.4,0.537,1.1,2.8,0.402,2.3,3.6,0.643,0.626,1.1,1.6,0.723,0.9,2.1,3.0,1.7,0.7,0.1,1.2,2.6,9.1
Rudy Gobert,41000000,C,30,70,70,30.7,5.1,7.8,0.659,0.0,0.0,0.0,5.1,7.8,0.663,0.659,3.1,4.9,0.644,3.3,8.3,11.6,1.2,0.8,1.4,1.7,3.0,13.4
Dalano Banton,2019706,PG,23,31,2,9.0,1.8,4.2,0.423,0.5,1.6,0.294,1.3,2.5,0.506,0.481,0.5,0.8,0.708,0.4,1.1,1.5,1.2,0.4,0.4,0.6,1.1,4.6
Isaiah Roby,2066585,PF,24,42,2,11.3,1.6,3.7,0.432,0.4,1.4,0.3,1.2,2.3,0.516,0.49,0.5,1.0,0.488,0.5,2.0,2.5,0.9,0.4,0.2,0.7,1.3,4.1
Isaiah Jackson,2696280,C,21,63,12,16.5,2.8,5.0,0.563,0.0,0.2,0.143,2.8,4.8,0.582,0.566,1.5,2.3,0.651,1.8,2.7,4.5,0.8,0.5,1.5,0.8,2.4,7.2
Santi Aldama,2194200,PF,22,77,20,21.8,3.2,6.8,0.47,1.2,3.5,0.353,2.0,3.4,0.591,0.56,1.4,1.9,0.75,1.1,3.7,4.8,1.3,0.6,0.6,0.8,1.9,9.0
Myles Turner,20975000,C,26,62,62,29.4,6.5,11.8,0.548,1.5,4.0,0.373,5.0,7.8,0.638,0.612,3.5,4.5,0.783,1.4,6.1,7.5,1.4,0.6,2.3,1.7,3.5,18.0
JT Thor,1836096,PF,20,69,8,14.0,1.4,3.4,0.399,0.6,1.8,0.317,0.8,1.7,0.487,0.481,0.5,0.7,0.702,0.5,1.7,2.2,0.5,0.3,0.3,0.6,1.0,3.8
Brandon Ingram,33833400,SF,25,45,45,34.2,9.0,18.6,0.484,1.4,3.6,0.39,7.6,14.9,0.507,0.522,5.3,6.0,0.882,0.5,5.0,5.5,5.8,0.7,0.4,3.3,2.6,24.7
Mason Plumlee,5000000,C,32,79,60,26.0,4.2,6.1,0.68,0.0,0.0,,4.2,6.1,0.68,0.68,2.5,4.0,0.636,2.9,6.0,8.9,3.1,0.6,0.6,1.5,2.7,10.8
Rudy Gay,6479000,PF,36,56,0,14.6,1.9,5.1,0.38,0.6,2.3,0.254,1.4,2.8,0.484,0.437,0.8,0.9,0.857,0.6,2.3,2.9,1.0,0.3,0.3,0.7,1.2,5.2
Aaron Gordon,22266182,PF,27,68,68,30.2,6.3,11.2,0.564,0.9,2.5,0.347,5.4,8.6,0.628,0.603,2.8,4.6,0.608,2.4,4.1,6.6,3.0,0.8,0.8,1.4,1.9,16.3
Wendell Moore Jr.,2421720,SG,21,29,2,5.3,0.6,1.5,0.419,0.1,0.6,0.118,0.6,0.9,0.615,0.442,0.1,0.2,0.8,0.1,0.5,0.6,0.6,0.3,0.2,0.3,0.4,1.4
Klay Thompson,43219440,SF,32,69,69,33.0,7.9,18.1,0.436,4.4,10.6,0.412,3.6,7.6,0.47,0.556,1.7,1.9,0.879,0.6,3.6,4.1,2.4,0.7,0.4,1.8,1.9,21.9
Thaddeus Young,8000000,PF,34,54,9,14.7,2.0,3.7,0.545,0.1,0.6,0.176,1.9,3.0,0.622,0.561,0.3,0.5,0.692,1.3,1.8,3.1,1.4,1.0,0.1,0.8,1.6,4.4
Nikola Vučević,18518519,C,32,82,82,33.5,7.3,14.0,0.52,1.5,4.2,0.349,5.8,9.8,0.594,0.573,1.6,1.9,0.835,1.9,9.1,11.0,3.2,0.7,0.7,1.7,2.2,17.6
Kenyon Martin Jr.,1930681,SF,22,82,49,28.0,5.0,8.8,0.569,0.8,2.6,0.315,4.2,6.1,0.679,0.617,1.8,2.7,0.68,1.5,4.0,5.5,1.5,0.5,0.4,1.1,1.8,12.7
Jaden Springer,2226240,SG,20,16,2,5.6,1.1,2.2,0.486,0.1,0.3,0.4,0.9,1.9,0.5,0.514,0.4,0.5,0.75,0.4,0.5,0.9,0.5,0.4,0.2,0.2,0.9,2.6
Isaiah Livers,1836096,PF,24,52,22,23.1,2.3,5.5,0.417,1.4,3.9,0.365,0.9,1.6,0.541,0.545,0.6,0.8,0.821,0.5,2.2,2.8,0.8,0.5,0.5,0.6,2.0,6.7
Julius Randle,28226880,PF,28,77,77,35.5,8.5,18.6,0.459,2.8,8.3,0.343,5.7,10.3,0.553,0.536,5.2,6.9,0.757,1.8,8.1,10.0,4.1,0.6,0.3,2.8,3.0,25.1
Alperen Şengün,3536280,C,20,75,72,28.9,5.9,10.7,0.553,0.3,0.8,0.333,5.6,9.9,0.57,0.565,2.7,3.8,0.715,3.2,5.8,9.0,3.9,0.9,0.9,2.6,3.4,14.8
Kristaps Porziņģis,36016200,C,27,65,65,32.6,7.8,15.7,0.498,2.1,5.5,0.385,5.7,10.2,0.559,0.565,5.4,6.4,0.851,1.8,6.6,8.4,2.7,0.9,1.5,2.1,3.0,23.2
Dennis Smith Jr.,2019706,PG,25,54,15,25.7,3.4,8.4,0.412,0.4,2.1,0.216,3.0,6.3,0.475,0.438,1.4,2.0,0.736,0.5,2.6,3.1,4.8,1.4,0.5,1.5,2.3,8.8
Ochai Agbaji,4114200,SG,22,59,22,20.5,2.8,6.5,0.427,1.4,3.9,0.355,1.4,2.7,0.532,0.532,0.9,1.2,0.812,0.7,1.3,2.1,1.1,0.3,0.3,0.7,1.7,7.9
Jalen Smith,5043773,C,22,68,31,18.8,3.6,7.5,0.476,0.8,2.8,0.283,2.8,4.7,0.593,0.53,1.5,2.0,0.759,1.9,3.9,5.8,1.0,0.3,0.9,1.1,2.3,9.4
Onyeka Okongwu,8109063,C,22,80,18,23.1,4.0,6.2,0.638,0.1,0.2,0.308,3.9,6.1,0.647,0.642,1.9,2.5,0.781,2.7,4.5,7.2,1.0,0.7,1.3,1.0,3.1,9.9
Nassir Little,6250000,SF,22,54,4,18.1,2.5,5.6,0.442,1.1,2.9,0.367,1.4,2.7,0.524,0.538,0.6,0.9,0.717,0.5,2.1,2.6,0.9,0.4,0.4,0.7,1.2,6.6
Bam Adebayo,32600060,C,25,75,75,34.6,8.0,14.9,0.54,0.0,0.2,0.083,8.0,14.7,0.545,0.541,4.3,5.4,0.806,2.5,6.7,9.2,3.2,1.2,0.8,2.5,2.8,20.4
Monte Morris,9800926,PG,27,62,61,27.3,4.0,8.3,0.48,1.3,3.3,0.382,2.7,5.0,0.543,0.555,1.0,1.2,0.831,0.4,3.0,3.4,5.3,0.7,0.2,1.0,1.2,10.3
Gary Harris,13000000,SG,28,48,42,24.7,2.9,6.4,0.45,2.0,4.5,0.431,0.9,1.9,0.494,0.603,0.6,0.6,0.9,0.4,1.6,2.0,1.2,0.9,0.3,0.6,1.9,8.3
Luka Dončić,40064220,PG,23,66,66,36.2,10.9,22.0,0.496,2.8,8.2,0.342,8.1,13.8,0.588,0.56,7.8,10.5,0.742,0.8,7.8,8.6,8.0,1.4,0.5,3.6,2.5,32.4
Richaun Holmes,12046020,C,29,42,1,8.3,1.3,2.1,0.618,0.1,0.2,0.625,1.2,1.9,0.617,0.646,0.4,0.5,0.789,0.7,1.2,1.9,0.2,0.1,0.3,0.3,1.2,3.1
Anthony Edwards,13534817,SG,21,79,79,36.0,8.9,19.5,0.459,2.7,7.3,0.369,6.3,12.2,0.513,0.528,4.0,5.3,0.756,0.6,5.2,5.8,4.4,1.6,0.7,3.3,2.4,24.6
Alec Burks,10489600,SG,31,51,8,22.0,3.9,9.0,0.436,1.9,4.7,0.414,2.0,4.3,0.459,0.544,3.0,3.7,0.814,0.4,2.7,3.1,2.2,0.7,0.2,1.1,1.9,12.8
Jrue Holiday,36861707,PG,32,67,65,32.6,7.3,15.3,0.479,2.4,6.1,0.384,5.0,9.1,0.542,0.556,2.3,2.6,0.859,1.2,3.9,5.1,7.4,1.2,0.4,2.9,1.7,19.3
Derrick Rose,3196448,PG,34,27,0,12.5,2.3,5.9,0.384,0.7,2.3,0.302,1.6,3.6,0.438,0.443,0.4,0.4,0.917,0.3,1.2,1.5,1.7,0.3,0.2,0.8,0.7,5.6
Aaron Nesmith,5634257,SF,23,73,60,24.9,3.5,8.1,0.427,1.6,4.3,0.366,1.9,3.8,0.496,0.525,1.6,1.9,0.838,0.8,2.9,3.8,1.3,0.8,0.5,1.0,3.2,10.1
Georges Niang,8800000,PF,29,78,1,19.4,2.8,6.4,0.442,2.0,4.9,0.401,0.9,1.5,0.576,0.596,0.5,0.6,0.867,0.2,2.1,2.4,1.0,0.4,0.2,0.7,1.9,8.2
Paul George,45640084,SF,32,56,56,34.6,8.2,17.9,0.457,2.8,7.6,0.371,5.4,10.3,0.521,0.536,4.6,5.3,0.871,0.8,5.3,6.1,5.1,1.5,0.4,3.1,2.8,23.8
DeAndre Jordan,2019706,C,34,39,8,15.0,2.3,2.9,0.765,0.0,0.0,1000.0,2.2,2.9,0.763,0.77,0.6,1.2,0.458,1.3,3.8,5.2,0.9,0.3,0.6,1.2,1.8,5.1
Max Strus,14487684,SF,26,80,33,28.4,4.1,9.9,0.41,2.5,7.0,0.35,1.6,2.8,0.559,0.535,1.0,1.1,0.876,0.6,2.6,3.2,2.1,0.5,0.2,0.9,2.1,11.5
Marvin Bagley III,12500000,C,23,42,25,23.6,4.8,9.1,0.529,0.5,1.6,0.288,4.4,7.5,0.579,0.554,1.9,2.6,0.75,2.2,4.2,6.4,0.9,0.5,0.7,1.1,1.9,12.0
Jimmy Butler,45183960,PF,33,64,64,33.4,7.5,13.9,0.539,0.6,1.6,0.35,6.9,12.3,0.564,0.56,7.4,8.7,0.85,2.2,3.7,5.9,5.3,1.8,0.3,1.6,1.3,22.9
Jayson Tatum,32600060,SF,24,74,74,36.9,9.8,21.1,0.466,3.2,9.3,0.35,6.6,11.8,0.558,0.543,7.2,8.4,0.854,1.1,7.7,8.8,4.6,1.1,0.7,2.9,2.2,30.1
Bobby Portis,11710818,PF,27,70,22,26.0,5.7,11.5,0.496,1.4,3.7,0.37,4.3,7.8,0.555,0.555,1.4,1.8,0.768,2.2,7.4,9.6,1.5,0.4,0.2,1.2,1.6,14.1
Russell Westbrook,3835738,PG,34,73,24,29.1,5.9,13.6,0.436,1.2,3.9,0.311,4.7,9.7,0.487,0.481,2.8,4.3,0.656,1.2,4.6,5.8,7.5,1.0,0.5,3.5,2.2,15.9
Deni Avdija,6263188,SF,22,76,40,26.6,3.3,7.6,0.437,0.9,3.1,0.297,2.4,4.6,0.53,0.497,1.6,2.2,0.739,1.0,5.4,6.4,2.8,0.9,0.4,1.6,2.8,9.2
Bojan Bogdanović,20000000,PF,33,59,59,32.1,7.3,14.9,0.488,2.5,6.0,0.411,4.8,9.0,0.539,0.57,4.5,5.1,0.884,0.6,3.2,3.8,2.6,0.6,0.1,2.3,1.9,21.6
Trendon Watford,1836096,PF,22,62,12,19.1,2.9,5.2,0.56,0.4,1.0,0.391,2.5,4.2,0.602,0.599,1.2,1.6,0.72,0.7,3.2,3.8,2.1,0.5,0.2,1.1,1.9,7.4
Rui Hachimura,15740741,PF,24,63,9,23.3,4.5,9.3,0.486,0.8,2.5,0.319,3.7,6.7,0.55,0.53,1.4,1.9,0.739,0.8,3.7,4.5,0.9,0.3,0.4,0.8,1.1,11.2
Drew Eubanks,2346614,C,25,78,28,20.3,2.7,4.3,0.641,0.1,0.2,0.389,2.7,4.1,0.655,0.651,1.1,1.6,0.664,1.7,3.7,5.4,1.3,0.5,1.3,0.9,2.2,6.6
Anthony Davis,40600080,C,29,56,54,34.0,9.7,17.2,0.563,0.3,1.3,0.257,9.3,15.9,0.589,0.573,6.2,7.9,0.784,3.5,9.1,12.5,2.6,1.1,2.0,2.2,2.6,25.9
Herbert Jones,12015150,PF,24,66,66,29.6,3.6,7.6,0.469,0.8,2.5,0.335,2.7,5.1,0.536,0.525,1.9,2.4,0.764,1.5,2.6,4.1,2.5,1.6,0.6,1.3,3.2,9.8
Caleb Martin,6802950,SF,27,71,49,29.3,3.6,7.7,0.464,1.2,3.3,0.356,2.4,4.4,0.545,0.54,1.3,1.6,0.805,1.2,3.6,4.8,1.6,1.0,0.4,1.1,2.0,9.6
Otto Porter Jr.,6300000,SF,29,8,2,18.3,1.9,3.8,0.5,0.8,2.1,0.353,1.1,1.6,0.692,0.6,1.0,1.0,1000.0,0.8,1.6,2.4,1.0,1.4,0.0,0.5,0.9,5.5
Mike Muscala,3500000,C,31,63,9,15.0,2.1,4.6,0.449,1.3,3.3,0.391,0.8,1.3,0.588,0.587,0.6,0.8,0.769,0.6,2.6,3.2,0.8,0.2,0.4,0.4,1.6,6.1
Grant Williams,12405000,PF,24,79,23,25.9,2.7,6.0,0.454,1.5,3.7,0.395,1.3,2.3,0.546,0.575,1.2,1.5,0.77,1.1,3.5,4.6,1.7,0.5,0.4,1.0,2.4,8.1
Doug McDermott,13750000,SF,31,64,0,20.5,3.7,8.2,0.457,1.9,4.7,0.413,1.8,3.5,0.516,0.575,0.8,1.1,0.757,0.4,1.8,2.2,1.4,0.2,0.1,0.9,1.8,10.2
Oshae Brissett,2165000,PF,24,65,2,16.7,1.9,4.9,0.386,0.7,2.4,0.31,1.2,2.5,0.457,0.461,1.6,2.2,0.717,1.0,2.4,3.4,0.7,0.5,0.2,0.5,1.2,6.1
Zach LaVine,40064220,SG,27,77,77,35.9,8.7,18.0,0.485,2.6,7.1,0.375,6.1,11.0,0.556,0.558,4.7,5.6,0.848,0.5,3.9,4.5,4.2,0.9,0.2,2.5,2.1,24.8
Evan Fournier,18857143,SG,30,27,7,17.0,2.1,6.1,0.337,1.3,4.2,0.307,0.8,1.9,0.404,0.443,0.7,0.8,0.857,0.1,1.7,1.8,1.3,0.6,0.1,0.8,1.7,6.1
Jalen Duren,4330680,C,19,67,31,24.9,3.9,5.9,0.648,0.0,0.0,0.0,3.9,5.9,0.652,0.648,1.4,2.3,0.611,3.4,5.5,8.9,1.1,0.7,0.9,1.4,2.7,9.1
Mark Williams,3908160,C,21,43,17,19.3,3.7,5.8,0.637,0.0,0.0,,3.7,5.8,0.637,0.637,1.6,2.3,0.691,2.2,4.9,7.1,0.4,0.7,1.0,0.9,2.2,9.0
Jaxson Hayes,2165000,C,22,47,2,13.0,1.8,3.3,0.551,0.1,0.6,0.103,1.8,2.7,0.654,0.561,1.2,1.8,0.699,0.8,2.0,2.8,0.7,0.4,0.4,0.7,1.4,5.0
Grayson Allen,8925000,SG,27,72,70,27.4,3.4,7.7,0.44,2.0,5.1,0.399,1.4,2.7,0.518,0.571,1.6,1.8,0.905,0.8,2.4,3.3,2.3,0.9,0.2,1.0,1.6,10.4
Cedi Osman,6718842,SF,27,77,2,20.1,3.1,6.9,0.451,1.5,4.1,0.372,1.6,2.8,0.564,0.56,1.0,1.4,0.694,0.3,2.0,2.3,1.5,0.5,0.1,0.7,1.6,8.7
Mitchell Robinson,15681818,C,24,59,58,27.0,3.2,4.7,0.671,0.0,0.0,,3.2,4.7,0.671,0.671,1.0,2.1,0.484,4.5,4.9,9.4,0.9,0.9,1.8,0.7,2.7,7.4
Lonnie Walker IV,2019706,SG,24,56,32,23.2,4.2,9.4,0.448,1.6,4.4,0.365,2.6,5.0,0.522,0.534,1.6,1.9,0.858,0.3,1.7,1.9,1.1,0.5,0.3,0.8,1.3,11.7
Trey Murphy III,3359280,SF,22,79,65,31.0,4.9,10.1,0.484,2.6,6.3,0.406,2.3,3.8,0.611,0.61,2.2,2.4,0.905,0.7,2.8,3.6,1.4,1.1,0.5,0.8,2.0,14.5
Isaiah Hartenstein,9245121,C,24,82,8,19.8,2.1,4.0,0.535,0.1,0.5,0.216,2.0,3.5,0.576,0.547,0.6,0.9,0.676,2.5,4.0,6.5,1.2,0.6,0.8,0.8,2.6,5.0
De'Andre Hunter,20089286,SF,25,67,67,31.7,5.7,12.3,0.461,1.5,4.3,0.35,4.2,8.0,0.521,0.522,2.6,3.1,0.826,0.7,3.6,4.2,1.4,0.5,0.3,1.2,3.0,15.4
Spencer Dinwiddie,20357143,SG-PG,29,79,79,34.5,5.8,13.3,0.438,2.3,6.2,0.369,3.5,7.1,0.498,0.524,3.4,4.2,0.812,0.4,3.1,3.4,6.5,0.8,0.3,1.8,2.4,17.3
Cam Thomas,2240160,SG,21,57,4,16.6,3.5,8.0,0.441,0.9,2.3,0.383,2.6,5.7,0.464,0.497,2.6,3.1,0.868,0.1,1.5,1.7,1.4,0.4,0.1,1.1,1.0,10.6
Kevin Knox,3000000,SF-PF,23,63,5,15.1,2.4,5.3,0.458,1.0,3.0,0.349,1.4,2.3,0.596,0.556,0.7,1.0,0.767,0.5,2.3,2.8,0.5,0.4,0.2,0.8,1.5,6.6
Jae'Sean Tate,6500000,SF,27,31,7,21.8,3.5,7.4,0.48,0.4,1.5,0.283,3.1,5.9,0.53,0.509,1.6,2.2,0.725,1.3,2.5,3.8,2.7,0.7,0.2,1.5,3.4,9.1
Zach Collins,7700000,C,25,63,26,22.9,4.5,8.7,0.518,0.9,2.3,0.374,3.6,6.4,0.571,0.568,1.7,2.3,0.761,1.8,4.5,6.4,2.9,0.6,0.8,2.0,3.2,11.6
Evan Mobley,8882640,PF,21,79,79,34.4,6.6,12.0,0.554,0.3,1.3,0.216,6.4,10.7,0.595,0.566,2.6,3.8,0.674,2.4,6.6,9.0,2.8,0.8,1.5,1.8,2.8,16.2
Cory Joseph,2019706,PG,31,62,2,19.8,2.4,5.7,0.427,1.1,2.9,0.389,1.3,2.8,0.468,0.527,0.9,1.2,0.792,0.3,1.4,1.7,3.5,0.5,0.1,0.9,1.4,6.9
Austin Reaves,12015150,SG,24,64,22,28.8,4.0,7.7,0.529,1.3,3.4,0.398,2.7,4.3,0.631,0.616,3.6,4.1,0.864,0.5,2.5,3.0,3.4,0.5,0.3,1.5,1.7,13.0
Nick Richards,5000000,C,25,65,9,18.7,3.0,4.8,0.629,0.0,0.0,1000.0,3.0,4.8,0.628,0.631,2.1,2.8,0.749,2.3,4.1,6.4,0.6,0.2,1.1,0.9,2.4,8.2
Josh Christopher,2485200,SG,21,64,2,12.3,2.4,5.1,0.465,0.3,1.4,0.236,2.1,3.8,0.55,0.497,0.7,0.9,0.75,0.3,0.8,1.1,1.1,0.5,0.2,0.9,0.9,5.8
Carlik Jones,1927896,PG,25,7,0,8.0,0.9,2.1,0.4,0.4,0.9,0.5,0.4,1.3,0.333,0.5,0.7,1.1,0.625,0.1,0.6,0.7,0.9,0.3,0.0,0.3,0.3,2.9
Charles Bassey,2600000,C,22,35,2,14.5,2.5,3.9,0.644,0.1,0.2,0.375,2.4,3.6,0.661,0.656,0.6,1.1,0.595,2.1,3.4,5.5,1.3,0.5,0.9,1.2,2.1,5.7
Josh Minott,1719864,SF,20,15,0,6.4,1.2,2.4,0.5,0.1,0.4,0.333,1.1,2.0,0.533,0.528,0.5,0.5,1000.0,0.3,1.3,1.7,0.3,0.3,0.4,0.2,0.7,3.1
P.J. Tucker,11014500,PF,37,75,75,25.6,1.3,3.0,0.427,0.7,1.9,0.393,0.5,1.1,0.482,0.549,0.3,0.3,0.826,1.3,2.7,3.9,0.8,0.5,0.2,0.6,2.4,3.5
Amir Coffey,3666667,SF,25,50,9,12.5,1.1,2.9,0.386,0.2,0.8,0.275,0.9,2.1,0.429,0.424,1.0,1.3,0.778,0.3,0.7,1.1,1.1,0.1,0.1,0.4,1.0,3.4
Derrick Jones Jr.,3360000,PF,25,64,0,14.0,1.8,3.6,0.5,0.4,1.3,0.338,1.4,2.3,0.587,0.559,1.0,1.3,0.738,0.9,1.5,2.4,0.5,0.5,0.6,0.4,1.3,5.0
Keon Johnson,2808720,SG,20,40,0,10.4,1.7,4.5,0.376,0.7,2.0,0.346,1.0,2.4,0.402,0.455,0.7,1.0,0.659,0.3,0.8,1.1,1.5,0.5,0.2,1.1,1.1,4.7
Gordon Hayward,31500000,SF,32,50,50,31.5,5.5,11.6,0.475,1.0,3.2,0.325,4.5,8.4,0.532,0.52,2.6,3.2,0.811,0.7,3.6,4.3,4.1,0.8,0.2,2.0,1.4,14.7
Moritz Wagner,8000000,C,25,57,18,19.5,3.5,6.9,0.5,0.9,2.9,0.313,2.6,4.1,0.631,0.564,2.7,3.2,0.841,1.2,3.3,4.5,1.5,0.6,0.2,1.2,2.4,10.5
Cameron Payne,6500000,PG,28,48,15,20.2,3.9,9.4,0.415,1.4,3.9,0.368,2.5,5.6,0.448,0.49,1.0,1.3,0.766,0.3,2.0,2.2,4.5,0.7,0.2,1.7,1.8,10.3
Caris LeVert,15384616,SG,28,74,30,30.2,4.3,10.0,0.431,1.7,4.4,0.392,2.6,5.6,0.462,0.517,1.8,2.4,0.722,0.7,3.1,3.8,3.9,1.0,0.3,1.6,2.3,12.1
T.J. McConnell,8700000,PG,30,75,6,20.3,3.8,6.9,0.543,0.3,0.8,0.441,3.4,6.2,0.556,0.568,0.8,0.9,0.853,0.6,2.5,3.1,5.3,1.1,0.1,1.9,1.4,8.7
Bol Bol,2019706,PF,23,70,33,21.5,3.7,6.8,0.546,0.4,1.6,0.265,3.3,5.2,0.633,0.577,1.2,1.5,0.759,1.0,4.8,5.8,1.0,0.4,1.2,1.6,1.3,9.1
Karl-Anthony Towns,36016200,PF,27,29,29,33.0,7.3,14.8,0.495,2.1,5.7,0.366,5.2,9.1,0.576,0.565,4.1,4.7,0.874,1.7,6.5,8.1,4.8,0.7,0.6,3.0,3.8,20.8
Cole Anthony,5539771,PG,22,60,4,25.9,4.6,10.2,0.454,1.3,3.4,0.364,3.4,6.7,0.5,0.516,2.5,2.8,0.894,0.8,4.0,4.8,3.9,0.6,0.5,1.5,2.6,13.0
Robin Lopez,2019706,C,34,37,2,8.1,1.3,2.0,0.64,0.1,0.1,0.5,1.2,1.9,0.648,0.653,0.4,0.5,0.778,0.6,0.8,1.4,0.5,0.1,0.2,0.7,1.2,3.0
Jordan Clarkson,23487629,SG,30,61,61,32.6,7.5,16.9,0.444,2.5,7.5,0.338,5.0,9.4,0.53,0.519,3.3,4.0,0.816,1.2,2.9,4.0,4.4,0.5,0.2,3.0,2.0,20.8
Luke Kennard,14763636,SG,26,59,14,22.3,3.2,6.5,0.492,2.3,4.6,0.494,0.9,1.9,0.487,0.666,0.6,0.7,0.949,0.3,2.4,2.7,1.5,0.5,0.1,0.8,1.4,9.3
Delon Wright,8195122,PG,30,50,14,24.4,2.8,5.8,0.474,0.8,2.4,0.345,1.9,3.4,0.564,0.545,1.0,1.2,0.867,1.2,2.4,3.6,3.9,1.8,0.3,0.9,1.2,7.4
Tyus Jones,14000000,PG,26,80,22,24.3,3.9,8.9,0.438,1.5,4.1,0.371,2.4,4.8,0.495,0.523,1.0,1.3,0.8,0.4,2.2,2.5,5.2,1.0,0.1,0.9,0.4,10.3
Andre Drummond,3360000,C,29,67,0,12.7,2.5,4.1,0.606,0.0,0.0,0.0,2.5,4.0,0.613,0.606,1.0,1.9,0.536,2.1,4.6,6.6,0.5,0.7,0.4,1.1,1.7,6.0
Cody Zeller,2019706,C,30,15,2,14.5,2.5,3.9,0.627,0.0,0.1,0.0,2.5,3.8,0.649,0.627,1.6,2.3,0.686,1.7,2.6,4.3,0.7,0.2,0.3,0.9,2.2,6.5
Kessler Edwards,1927896,SF,22,36,4,10.7,1.0,2.6,0.387,0.5,1.5,0.309,0.5,1.1,0.5,0.478,0.3,0.4,0.733,0.6,1.1,1.7,0.6,0.4,0.2,0.4,1.1,2.8
Corey Kispert,3722040,SF,23,74,45,28.3,3.9,7.9,0.497,2.2,5.2,0.424,1.7,2.7,0.637,0.637,1.0,1.2,0.852,0.4,2.4,2.8,1.2,0.4,0.1,0.7,1.3,11.1
Daniel Theis,9108387,C,30,7,1,15.6,3.0,6.3,0.477,0.3,1.6,0.182,2.7,4.7,0.576,0.5,0.7,1.7,0.417,1.0,2.1,3.1,1.3,0.3,0.9,0.4,1.0,7.0
Patty Mills,6802950,PG,34,40,2,14.2,2.2,5.2,0.411,1.2,3.4,0.366,0.9,1.9,0.493,0.529,0.6,0.8,0.833,0.2,0.9,1.1,1.4,0.4,0.1,0.8,0.8,6.2
Michael Porter Jr.,33386850,SF,24,62,62,29.0,6.4,13.2,0.487,3.0,7.3,0.414,3.4,5.9,0.579,0.602,1.5,1.9,0.8,1.0,4.5,5.5,1.0,0.6,0.5,1.1,1.9,17.4
Coby White,11111111,SG,22,74,2,23.4,3.6,8.0,0.443,1.7,4.6,0.372,1.8,3.4,0.54,0.551,0.8,0.9,0.871,0.2,2.6,2.9,2.8,0.7,0.1,1.0,1.6,9.7
Justin Holiday,2019706,SF,33,46,2,15.3,1.7,4.4,0.377,1.0,3.1,0.322,0.7,1.3,0.508,0.49,0.1,0.2,0.625,0.1,1.1,1.2,0.9,0.4,0.4,0.5,1.5,4.5
Miles McBride,1836096,PG,22,64,2,11.9,1.2,3.4,0.358,0.6,2.1,0.299,0.6,1.3,0.457,0.451,0.4,0.7,0.667,0.2,0.6,0.8,1.1,0.6,0.1,0.4,0.9,3.5
Dejounte Murray,18214000,SG,26,74,74,36.4,8.3,17.8,0.464,1.8,5.2,0.344,6.5,12.6,0.514,0.514,2.1,2.6,0.832,0.7,4.5,5.3,6.1,1.5,0.3,2.2,1.4,20.5
Bryce McGowens,1719864,SG,20,46,7,17.1,1.7,4.4,0.396,0.6,1.7,0.325,1.2,2.7,0.443,0.46,1.3,1.7,0.75,0.4,1.6,2.0,1.2,0.3,0.1,0.9,1.0,5.3
Jock Landale,8000000,C,27,69,4,14.2,2.6,4.9,0.528,0.3,1.2,0.25,2.3,3.7,0.621,0.559,1.1,1.5,0.752,1.7,2.3,4.1,1.0,0.2,0.4,0.9,1.8,6.6
Omer Yurtseven,2800000,C,24,9,0,9.2,1.8,3.0,0.593,0.3,0.8,0.429,1.4,2.2,0.65,0.648,0.6,0.7,0.833,0.9,1.7,2.6,0.2,0.2,0.2,0.4,1.8,4.4
Sam Hauser,1927896,SF,25,80,8,16.1,2.3,5.0,0.455,1.8,4.2,0.418,0.5,0.8,0.656,0.631,0.2,0.2,0.706,0.4,2.1,2.6,0.9,0.4,0.3,0.4,1.2,6.4
Donte DiVincenzo,10900000,SG,26,72,36,26.3,3.3,7.5,0.435,2.1,5.3,0.397,1.2,2.3,0.525,0.574,0.8,1.0,0.817,1.1,3.4,4.5,3.5,1.3,0.1,1.6,1.8,9.4
Wesley Matthews,2019706,SF,36,52,0,15.8,1.1,3.1,0.363,0.8,2.4,0.315,0.4,0.7,0.528,0.484,0.5,0.5,0.857,0.7,1.5,2.2,0.7,0.4,0.3,0.3,1.4,3.4
Montrezl Harrell,2019706,C,29,57,7,11.9,2.2,3.7,0.598,0.0,0.1,0.0,2.2,3.6,0.616,0.598,1.2,1.8,0.693,1.2,1.6,2.8,0.6,0.3,0.4,0.6,1.3,5.6
Isaac Okoro,8920795,SF,22,76,46,21.7,2.3,4.7,0.494,0.8,2.3,0.363,1.5,2.4,0.617,0.582,1.0,1.4,0.757,0.7,1.8,2.5,1.1,0.7,0.4,0.6,2.1,6.4
Garrett Temple,5401000,SG,36,25,0,6.5,0.7,1.8,0.4,0.4,1.0,0.423,0.3,0.8,0.368,0.522,0.1,0.2,0.75,0.2,0.5,0.7,0.5,0.4,0.1,0.2,0.6,2.0
Tobias Harris,39270150,SF,30,74,74,32.9,5.7,11.4,0.501,1.7,4.4,0.389,4.0,7.0,0.57,0.575,1.5,1.7,0.876,0.9,4.8,5.7,2.5,0.9,0.5,1.2,2.0,14.7
Chimezie Metu,2019706,PF,25,66,0,10.4,2.0,3.3,0.589,0.1,0.6,0.237,1.8,2.7,0.663,0.61,0.8,1.1,0.74,0.7,2.3,3.0,0.6,0.3,0.3,0.5,1.2,4.9
